District,Neighbourhood,Sum of Populatiion,Province
Afşin,Afşinbey Mah.,7102,Kahramanmaraş
Afşin,Ağcaşar Mah.,125,Kahramanmaraş
Afşin,Alemdar Mah.,384,Kahramanmaraş
Afşin,Alimpınar Mah.,1209,Kahramanmaraş
Afşin,Alpaslan Mah.,3412,Kahramanmaraş
Afşin,Altaş Mah.,1143,Kahramanmaraş
Afşin,Altınelma Mah.,1671,Kahramanmaraş
Afşin,Anzorey Mah.,284,Kahramanmaraş
Afşin,Arıtaş Mah.,4382,Kahramanmaraş
Afşin,Armutalan Mah.,150,Kahramanmaraş
Afşin,Bakraç Mah.,946,Kahramanmaraş
Afşin,Başüstü Mah.,539,Kahramanmaraş
Afşin,Berçenek Mah.,164,Kahramanmaraş
Afşin,Beyceğiz Mah.,4619,Kahramanmaraş
Afşin,Binboğa Mah.,231,Kahramanmaraş
Afşin,Büget Mah.,167,Kahramanmaraş
Afşin,Büyüksevin Mah.,342,Kahramanmaraş
Afşin,Büyüktatlı Mah.,721,Kahramanmaraş
Afşin,Çağılhan Mah.,227,Kahramanmaraş
Afşin,Çobanbeyli Mah.,2659,Kahramanmaraş
Afşin,Çoğulhan Mah.,949,Kahramanmaraş
Afşin,Çomudüz Mah.,258,Kahramanmaraş
Afşin,Çukurpınar Mah.,199,Kahramanmaraş
Afşin,Dedebaba Mah.,4098,Kahramanmaraş
Afşin,Deveboynu Mah.,230,Kahramanmaraş
Afşin,Dokuztay Mah.,182,Kahramanmaraş
Afşin,Efsus Turan Mah.,9389,Kahramanmaraş
Afşin,Emirilyas Mah.,498,Kahramanmaraş
Afşin,Emirli Mah.,854,Kahramanmaraş
Afşin,Erçene Mah.,648,Kahramanmaraş
Afşin,Esence Mah.,641,Kahramanmaraş
Afşin,Gaziosmanpaşa Mah.,5704,Kahramanmaraş
Afşin,Gerger Mah.,235,Kahramanmaraş
Afşin,Gözpınarı Mah.,100,Kahramanmaraş
Afşin,Haticepınarı Mah.,98,Kahramanmaraş
Afşin,Hurman Mah.,659,Kahramanmaraş
Afşin,Hüyüklü Mah.,1504,Kahramanmaraş
Afşin,İğdemlik Mah.,83,Kahramanmaraş
Afşin,İnci Mah.,89,Kahramanmaraş
Afşin,İncirli Mah.,196,Kahramanmaraş
Afşin,Kabaağaç Mah.,1059,Kahramanmaraş
Afşin,Kale Mah.,4739,Kahramanmaraş
Afşin,Kangal Mah.,156,Kahramanmaraş
Afşin,Karagöz Mah.,442,Kahramanmaraş
Afşin,Kaşanlı Mah.,465,Kahramanmaraş
Afşin,Koçovası Mah.,372,Kahramanmaraş
Afşin,Kötüre Mah.,190,Kahramanmaraş
Afşin,Kuşkayası Mah.,250,Kahramanmaraş
Afşin,Marabuz Mah.,666,Kahramanmaraş
Afşin,Mehre Mah.,356,Kahramanmaraş
Afşin,Nadır Mah.,948,Kahramanmaraş
Afşin,Oğlakkayası Mah.,53,Kahramanmaraş
Afşin,Ördek Mah.,426,Kahramanmaraş
Afşin,Örenderesi Mah.,43,Kahramanmaraş
Afşin,Örenli Mah.,123,Kahramanmaraş
Afşin,Pınarbaşı Mah.,2558,Kahramanmaraş
Afşin,Soğucak Mah.,204,Kahramanmaraş
Afşin,Söğütderesi Mah.,85,Kahramanmaraş
Afşin,Tanır Mah.,1650,Kahramanmaraş
Afşin,Tatlar Mah.,522,Kahramanmaraş
Afşin,Topaktaş Mah.,137,Kahramanmaraş
Afşin,Türkçayırı Mah.,385,Kahramanmaraş
Afşin,Türksevin Mah.,430,Kahramanmaraş
Afşin,Yazıdere Mah.,262,Kahramanmaraş
Afşin,Yazıköy Mah.,101,Kahramanmaraş
Afşin,Yeşilyurt Mah.,6331,Kahramanmaraş
Andırın,Akçakoyunlu Mah.,508,Kahramanmaraş
Andırın,Akgümüş Mah.,258,Kahramanmaraş
Andırın,Akifiye Mah.,553,Kahramanmaraş
Andırın,Alameşe Mah.,379,Kahramanmaraş
Andırın,Alanlı Mah.,344,Kahramanmaraş
Andırın,Alınoluk Mah.,422,Kahramanmaraş
Andırın,Altınboğa Mah.,225,Kahramanmaraş
Andırın,Altınyayla Mah.,624,Kahramanmaraş
Andırın,Anacık Mah.,291,Kahramanmaraş
Andırın,Arıklar Mah.,524,Kahramanmaraş
Andırın,Başdoğan Mah.,419,Kahramanmaraş
Andırın,Bektaşlı Mah.,255,Kahramanmaraş
Andırın,Beşbucak Mah.,777,Kahramanmaraş
Andırın,Boğazören Mah.,327,Kahramanmaraş
Andırın,Bostanlı Mah.,209,Kahramanmaraş
Andırın,Boynuyoğunlu Mah.,159,Kahramanmaraş
Andırın,Boztopraklı Mah.,792,Kahramanmaraş
Andırın,Bulgurkaya Mah.,456,Kahramanmaraş
Andırın,Cambaz Mah.,582,Kahramanmaraş
Andırın,Camuzluk Mah.,313,Kahramanmaraş
Andırın,Çiçekli Mah.,524,Kahramanmaraş
Andırın,Çiğşar Mah.,227,Kahramanmaraş
Andırın,Çokak Mah.,540,Kahramanmaraş
Andırın,Çuhadarlı Mah.,287,Kahramanmaraş
Andırın,Darıovası Mah.,610,Kahramanmaraş
Andırın,Efirağızlı Mah.,569,Kahramanmaraş
Andırın,Emirler Mah.,269,Kahramanmaraş
Andırın,Erenler Mah.,232,Kahramanmaraş
Andırın,Geben Mah.,1448,Kahramanmaraş
Andırın,Gökahmetli Mah.,212,Kahramanmaraş
Andırın,Gökçeli Mah.,256,Kahramanmaraş
Andırın,Gökgedik Mah.,392,Kahramanmaraş
Andırın,Hacıveliuşağı Mah.,336,Kahramanmaraş
Andırın,Kabaağaç Mah.,366,Kahramanmaraş
Andırın,Kabaklar Mah.,173,Kahramanmaraş
Andırın,Kaleboynu Mah.,225,Kahramanmaraş
Andırın,Karapınar Mah.,204,Kahramanmaraş
Andırın,Kargaçayırı Mah.,278,Kahramanmaraş
Andırın,Kıyıkçı Mah.,197,Kahramanmaraş
Andırın,Kızık Mah.,618,Kahramanmaraş
Andırın,Köklü Mah.,347,Kahramanmaraş
Andırın,Köleli Mah.,141,Kahramanmaraş
Andırın,Kumarlı Mah.,602,Kahramanmaraş
Andırın,Kuzgun Mah.,412,Kahramanmaraş
Andırın,Orhaniye Mah.,367,Kahramanmaraş
Andırın,Osmancık Mah.,159,Kahramanmaraş
Andırın,Pınarbaşı Mah.,1605,Kahramanmaraş
Andırın,Rifatiye Mah.,469,Kahramanmaraş
Andırın,Sumaklı Mah.,446,Kahramanmaraş
Andırın,Tatarlı Mah.,658,Kahramanmaraş
Andırın,Torun Mah.,510,Kahramanmaraş
Andırın,Tufan Paşa Mah.,3241,Kahramanmaraş
Andırın,Yeni Mah.,3064,Kahramanmaraş
Andırın,Yeniköy Mah.,290,Kahramanmaraş
Andırın,Yeşilova Mah.,1801,Kahramanmaraş
Andırın,Yeşiltepe Mah.,285,Kahramanmaraş
Andırın,Yeşilyurt Mah.,447,Kahramanmaraş
Çağlayancerit,Akdere Mah.,1060,Kahramanmaraş
Çağlayancerit,Aksu Mah.,1131,Kahramanmaraş
Çağlayancerit,Bayırlı Mah.,653,Kahramanmaraş
Çağlayancerit,Bölükdamlar Mah.,51,Kahramanmaraş
Çağlayancerit,Boylu Mah.,530,Kahramanmaraş
Çağlayancerit,Bozlar Mah.,909,Kahramanmaraş
Çağlayancerit,Emiruşağı Mah.,222,Kahramanmaraş
Çağlayancerit,Engizek Mah.,611,Kahramanmaraş
Çağlayancerit,Fatih Mah.,4594,Kahramanmaraş
Çağlayancerit,Helete Cumhuriyet Mah.,881,Kahramanmaraş
Çağlayancerit,Helete Karadağ Mah.,1668,Kahramanmaraş
Çağlayancerit,Helete Yeşiloba Mah.,1699,Kahramanmaraş
Çağlayancerit,İstiklal Mah.,4100,Kahramanmaraş
Çağlayancerit,Kale Mah.,451,Kahramanmaraş
Çağlayancerit,Küçükcerit Mah.,1590,Kahramanmaraş
Çağlayancerit,Küçüküngüt Mah.,579,Kahramanmaraş
Çağlayancerit,Oruçpınar Mah.,626,Kahramanmaraş
Çağlayancerit,Soğukpınar Mah.,873,Kahramanmaraş
Çağlayancerit,Zeynepuşağı Mah.,122,Kahramanmaraş
Dulkadiroğlu,Abbaslar Mah.,342,Kahramanmaraş
Dulkadiroğlu,Ağabeyli Mah.,468,Kahramanmaraş
Dulkadiroğlu,Aksu Mah.,4742,Kahramanmaraş
Dulkadiroğlu,Akyar Mah.,164,Kahramanmaraş
Dulkadiroğlu,Alibeyuşağı Mah.,435,Kahramanmaraş
Dulkadiroğlu,Arslanbey Çiftliği Mah.,244,Kahramanmaraş
Dulkadiroğlu,Aslan Bey Mah.,11479,Kahramanmaraş
Dulkadiroğlu,Ayaklıcaoluk Mah.,2130,Kahramanmaraş
Dulkadiroğlu,Bağlarbaşı Mah.,6403,Kahramanmaraş
Dulkadiroğlu,Bahçeli Evler Mah.,4527,Kahramanmaraş
Dulkadiroğlu,Bahçeli Mah.,236,Kahramanmaraş
Dulkadiroğlu,Ballıca Mah.,4781,Kahramanmaraş
Dulkadiroğlu,Başdevrişli Mah.,974,Kahramanmaraş
Dulkadiroğlu,Bayazıtlı Mah.,5583,Kahramanmaraş
Dulkadiroğlu,Baydemirli Mah.,2871,Kahramanmaraş
Dulkadiroğlu,Beşenli Mah.,574,Kahramanmaraş
Dulkadiroğlu,Boyalı Mah.,470,Kahramanmaraş
Dulkadiroğlu,Budaklı Mah.,652,Kahramanmaraş
Dulkadiroğlu,Bulanık Mah.,1176,Kahramanmaraş
Dulkadiroğlu,Çatmayayla Mah.,487,Kahramanmaraş
Dulkadiroğlu,Çiğli Mah.,468,Kahramanmaraş
Dulkadiroğlu,Çınarlı Mah.,289,Kahramanmaraş
Dulkadiroğlu,Çobanlı Mah.,421,Kahramanmaraş
Dulkadiroğlu,Çokyaşar Mah.,668,Kahramanmaraş
Dulkadiroğlu,Demirciler Mah.,168,Kahramanmaraş
Dulkadiroğlu,Denizli Mah.,151,Kahramanmaraş
Dulkadiroğlu,Dereköy Mah.,673,Kahramanmaraş
Dulkadiroğlu,Dereli Mah.,1210,Kahramanmaraş
Dulkadiroğlu,Divanlı Mah.,3167,Kahramanmaraş
Dulkadiroğlu,Doğanlıkarahasan Mah.,467,Kahramanmaraş
Dulkadiroğlu,Doğu Kent Mah.,14520,Kahramanmaraş
Dulkadiroğlu,Dulkadiroğlu Mah.,4335,Kahramanmaraş
Dulkadiroğlu,Duraklı Mah.,5652,Kahramanmaraş
Dulkadiroğlu,Egemenlik Mah.,4023,Kahramanmaraş
Dulkadiroğlu,Ekberoğlu Mah.,80,Kahramanmaraş
Dulkadiroğlu,Ekmekçi Mah.,381,Kahramanmaraş
Dulkadiroğlu,Elmalar Mah.,5070,Kahramanmaraş
Dulkadiroğlu,Erkenez Mah.,4426,Kahramanmaraş
Dulkadiroğlu,Eskinarlı Mah.,363,Kahramanmaraş
Dulkadiroğlu,Eyüp Sultan Mah.,2400,Kahramanmaraş
Dulkadiroğlu,Fevzi Paşa Mah.,1570,Kahramanmaraş
Dulkadiroğlu,Gaffarlı Mah.,469,Kahramanmaraş
Dulkadiroğlu,Gazi Paşa Mah.,2404,Kahramanmaraş
Dulkadiroğlu,Genç Osman Mah.,1437,Kahramanmaraş
Dulkadiroğlu,Göllü Mah.,673,Kahramanmaraş
Dulkadiroğlu,Güneşevler Mah.,5525,Kahramanmaraş
Dulkadiroğlu,Güzelyurt Mah.,2257,Kahramanmaraş
Dulkadiroğlu,Hacıeyüplü Mah.,232,Kahramanmaraş
Dulkadiroğlu,Halkaçayırı Mah.,125,Kahramanmaraş
Dulkadiroğlu,İsa Divanlı Mah.,2587,Kahramanmaraş
Dulkadiroğlu,İsmet Paşa Mah.,2550,Kahramanmaraş
Dulkadiroğlu,İstasyon Mah.,1595,Kahramanmaraş
Dulkadiroğlu,Kabasakal Mah.,190,Kahramanmaraş
Dulkadiroğlu,Kanuni Mah.,8310,Kahramanmaraş
Dulkadiroğlu,Kapıçam Mah.,358,Kahramanmaraş
Dulkadiroğlu,Karacasu Ferhuş Mah.,431,Kahramanmaraş
Dulkadiroğlu,Karacasu Karaziyaret Mah.,9467,Kahramanmaraş
Dulkadiroğlu,Karacasu Karşıyaka Mah.,4438,Kahramanmaraş
Dulkadiroğlu,Karacasu Kırım Mah.,1458,Kahramanmaraş
Dulkadiroğlu,Karacasu Mamaraş Mah.,579,Kahramanmaraş
Dulkadiroğlu,Karamanlı Mah.,651,Kahramanmaraş
Dulkadiroğlu,Karataş Mah.,2061,Kahramanmaraş
Dulkadiroğlu,Kartal Mah.,334,Kahramanmaraş
Dulkadiroğlu,Kayabaşı Mah.,3320,Kahramanmaraş
Dulkadiroğlu,Kazanlıpınar Mah.,287,Kahramanmaraş
Dulkadiroğlu,Kemallı Mah.,579,Kahramanmaraş
Dulkadiroğlu,Kılağlı Mah.,358,Kahramanmaraş
Dulkadiroğlu,Kocolar Mah.,172,Kahramanmaraş
Dulkadiroğlu,Kozludere Mah.,314,Kahramanmaraş
Dulkadiroğlu,Küçüknacar Mah.,515,Kahramanmaraş
Dulkadiroğlu,Küpelikız Mah.,380,Kahramanmaraş
Dulkadiroğlu,Kurtuluş Mah.,802,Kahramanmaraş
Dulkadiroğlu,Kuzucak Mah.,449,Kahramanmaraş
Dulkadiroğlu,Maksutuşağı Mah.,292,Kahramanmaraş
Dulkadiroğlu,Mehmet Akif Mah.,4605,Kahramanmaraş
Dulkadiroğlu,Menderes Mah.,2297,Kahramanmaraş
Dulkadiroğlu,Namık Kemal Mah.,7178,Kahramanmaraş
Dulkadiroğlu,Navruzlu Mah.,120,Kahramanmaraş
Dulkadiroğlu,Öksüzlü Mah.,216,Kahramanmaraş
Dulkadiroğlu,Osmanbey Mah.,1161,Kahramanmaraş
Dulkadiroğlu,Peynirdere Mah.,673,Kahramanmaraş
Dulkadiroğlu,Pınarbaşı Mah.,2455,Kahramanmaraş
Dulkadiroğlu,Sakarya Mah.,2101,Kahramanmaraş
Dulkadiroğlu,Sarıkaya Mah.,415,Kahramanmaraş
Dulkadiroğlu,Senem Ayşe Mah.,2263,Kahramanmaraş
Dulkadiroğlu,Şerefoğlu Mah.,1048,Kahramanmaraş
Dulkadiroğlu,Şeyh Adil Mah.,5474,Kahramanmaraş
Dulkadiroğlu,Şeyh Şamil Mah.,3969,Kahramanmaraş
Dulkadiroğlu,Seyrantepe Mah.,178,Kahramanmaraş
Dulkadiroğlu,Sivricehüyük Mah.,451,Kahramanmaraş
Dulkadiroğlu,Söğütlü Mah.,171,Kahramanmaraş
Dulkadiroğlu,Sümer Mah.,4471,Kahramanmaraş
Dulkadiroğlu,Sütçü İmam Mah.,3482,Kahramanmaraş
Dulkadiroğlu,Tevekkelli Mah.,508,Kahramanmaraş
Dulkadiroğlu,Turan Mah.,832,Kahramanmaraş
Dulkadiroğlu,Ulutaş Mah.,428,Kahramanmaraş
Dulkadiroğlu,Yahya Kemal Mah.,12228,Kahramanmaraş
Dulkadiroğlu,Yavuz Selim Mah.,6280,Kahramanmaraş
Dulkadiroğlu,Yeni Şehir Mah.,5403,Kahramanmaraş
Dulkadiroğlu,Yenipınar Mah.,169,Kahramanmaraş
Dulkadiroğlu,Yeniyurt Mah.,237,Kahramanmaraş
Dulkadiroğlu,Yeşiltepe Mah.,2017,Kahramanmaraş
Dulkadiroğlu,Yusufhacılı Mah.,740,Kahramanmaraş
Ekinözü,Akpınar Mah.,101,Kahramanmaraş
Ekinözü,Alişar Mah.,522,Kahramanmaraş
Ekinözü,Altunyaprak Mah.,214,Kahramanmaraş
Ekinözü,Anbar Mah.,204,Kahramanmaraş
Ekinözü,Ataköy Mah.,318,Kahramanmaraş
Ekinözü,Çiftlik Mah.,297,Kahramanmaraş
Ekinözü,Çiftlikkale Mah.,336,Kahramanmaraş
Ekinözü,Demirlik Mah.,289,Kahramanmaraş
Ekinözü,Gaziler Mah.,254,Kahramanmaraş
Ekinözü,Gözpınar Mah.,135,Kahramanmaraş
Ekinözü,İçmeler Mah.,914,Kahramanmaraş
Ekinözü,Kabaktepe Mah.,475,Kahramanmaraş
Ekinözü,Kandil Mah.,334,Kahramanmaraş
Ekinözü,Kürtül Mah.,431,Kahramanmaraş
Ekinözü,Maarif Mah.,1073,Kahramanmaraş
Ekinözü,Ortaören Mah.,532,Kahramanmaraş
Ekinözü,Öztürk Mah.,1964,Kahramanmaraş
Ekinözü,Soysallı Mah.,1067,Kahramanmaraş
Ekinözü,Türkeli Mah.,301,Kahramanmaraş
Ekinözü,Türkmenler Mah.,393,Kahramanmaraş
Ekinözü,Yeniköy Mah.,136,Kahramanmaraş
Elbistan,Ağlıca Mah.,216,Kahramanmaraş
Elbistan,Akarca Mah.,59,Kahramanmaraş
Elbistan,Akbayır Mah.,1082,Kahramanmaraş
Elbistan,Akören Mah.,587,Kahramanmaraş
Elbistan,Aksakal Mah.,109,Kahramanmaraş
Elbistan,Alembey Mah.,686,Kahramanmaraş
Elbistan,Alkayaoğlu Mah.,46,Kahramanmaraş
Elbistan,Armutalan Mah.,55,Kahramanmaraş
Elbistan,Atmalıkaşanlı Mah.,170,Kahramanmaraş
Elbistan,Bahçelievler Mah.,2912,Kahramanmaraş
Elbistan,Bakış Mah.,692,Kahramanmaraş
Elbistan,Balıkçıl Mah.,289,Kahramanmaraş
Elbistan,Battalgazi Mah.,11698,Kahramanmaraş
Elbistan,Beştepe Mah.,43,Kahramanmaraş
Elbistan,Beyyurdu Mah.,129,Kahramanmaraş
Elbistan,Büyükyapalak Mah.,1473,Kahramanmaraş
Elbistan,Çalış Mah.,503,Kahramanmaraş
Elbistan,Çatova Mah.,1412,Kahramanmaraş
Elbistan,Ceyhan Mah.,2912,Kahramanmaraş
Elbistan,Çiçek Mah.,2912,Kahramanmaraş
Elbistan,Çıtlık Mah.,96,Kahramanmaraş
Elbistan,Cumhuriyet Mah.,10114,Kahramanmaraş
Elbistan,Demircilik Mah.,1177,Kahramanmaraş
Elbistan,Dervişçimli Mah.,32,Kahramanmaraş
Elbistan,Doğan Mah.,1303,Kahramanmaraş
Elbistan,Eldelek Mah.,262,Kahramanmaraş
Elbistan,Elmalı Mah.,72,Kahramanmaraş
Elbistan,Esentepe Mah.,5841,Kahramanmaraş
Elbistan,Evcihüyük Mah.,292,Kahramanmaraş
Elbistan,Fakıoğlu Mah.,65,Kahramanmaraş
Elbistan,Geçit Mah.,783,Kahramanmaraş
Elbistan,Gökçek Mah.,337,Kahramanmaraş
Elbistan,Güblüce Mah.,160,Kahramanmaraş
Elbistan,Gücük Mah.,201,Kahramanmaraş
Elbistan,Gümüşdöven Mah.,128,Kahramanmaraş
Elbistan,Günaltı Mah.,115,Kahramanmaraş
Elbistan,Gündere Mah.,310,Kahramanmaraş
Elbistan,Güneşli Mah.,6236,Kahramanmaraş
Elbistan,Güvercinlik Mah.,400,Kahramanmaraş
Elbistan,Hacıhasanlı Mah.,133,Kahramanmaraş
Elbistan,Hasanalili Mah.,59,Kahramanmaraş
Elbistan,Hasankendi Mah.,420,Kahramanmaraş
Elbistan,Horhor Mah.,32,Kahramanmaraş
Elbistan,İğde Mah.,1697,Kahramanmaraş
Elbistan,İkizpınar Mah.,222,Kahramanmaraş
Elbistan,İncecik Mah.,254,Kahramanmaraş
Elbistan,Izgın Mah.,1777,Kahramanmaraş
Elbistan,Kalaycık Mah.,110,Kahramanmaraş
Elbistan,Kalealtı Mah.,848,Kahramanmaraş
Elbistan,Kangal Mah.,93,Kahramanmaraş
Elbistan,Kantarma Mah.,63,Kahramanmaraş
Elbistan,Karaelbistan Mah.,5342,Kahramanmaraş
Elbistan,Karahasanuşağı Mah.,619,Kahramanmaraş
Elbistan,Karahüyük Mah.,459,Kahramanmaraş
Elbistan,Karamağara Mah.,223,Kahramanmaraş
Elbistan,Kavaktepe Mah.,126,Kahramanmaraş
Elbistan,Kayageçit Mah.,94,Kahramanmaraş
Elbistan,Keçemağara Mah.,168,Kahramanmaraş
Elbistan,Kışla Mah.,316,Kahramanmaraş
Elbistan,Kızılcaoba Mah.,14635,Kahramanmaraş
Elbistan,Köprübaşı Mah.,2937,Kahramanmaraş
Elbistan,Körücek Mah.,61,Kahramanmaraş
Elbistan,Köseyahya Mah.,84,Kahramanmaraş
Elbistan,Köşk Mah.,68,Kahramanmaraş
Elbistan,Küçükyapalak Mah.,244,Kahramanmaraş
Elbistan,Kümbet Mah.,6929,Kahramanmaraş
Elbistan,Orhangazi Mah.,4830,Kahramanmaraş
Elbistan,Ovacık Mah.,148,Kahramanmaraş
Elbistan,Özbek Mah.,26,Kahramanmaraş
Elbistan,Özcanlı Mah.,72,Kahramanmaraş
Elbistan,Pınarbaşı Mah.,7518,Kahramanmaraş
Elbistan,Sarıyatak Mah.,65,Kahramanmaraş
Elbistan,Sevdilli Mah.,337,Kahramanmaraş
Elbistan,Söğütlü Mah.,1239,Kahramanmaraş
Elbistan,Sünnet Mah.,31,Kahramanmaraş
Elbistan,Tapkıran Mah.,173,Kahramanmaraş
Elbistan,Tapkırankale Mah.,202,Kahramanmaraş
Elbistan,Taşburun Mah.,748,Kahramanmaraş
Elbistan,Tepebaşı (Gücük,102,Kahramanmaraş
Elbistan,Tepebaşı Mah.,4194,Kahramanmaraş
Elbistan,Topallı Mah.,97,Kahramanmaraş
Elbistan,Toprakhisar Mah.,64,Kahramanmaraş
Elbistan,Türkören Mah.,490,Kahramanmaraş
Elbistan,Uncular Mah.,276,Kahramanmaraş
Elbistan,Uzunpınar Mah.,40,Kahramanmaraş
Elbistan,Yalak Mah.,45,Kahramanmaraş
Elbistan,Yalıntaş Mah.,138,Kahramanmaraş
Elbistan,Yapılı Mah.,30,Kahramanmaraş
Elbistan,Yapılıpınar Mah.,18,Kahramanmaraş
Elbistan,Yapraklı Mah.,1101,Kahramanmaraş
Elbistan,Yeşilyurt Mah.,13878,Kahramanmaraş
Elbistan,Yoğunsöğüt Mah.,117,Kahramanmaraş
Elbistan,Yunus Emre Mah.,11406,Kahramanmaraş
Göksun,Acıelma Mah.,97,Kahramanmaraş
Göksun,Ahmetcik Mah.,82,Kahramanmaraş
Göksun,Alıçlıbucak Mah.,137,Kahramanmaraş
Göksun,Altınoba Mah.,54,Kahramanmaraş
Göksun,Apıklar Mah.,450,Kahramanmaraş
Göksun,Aslanbeyçiftliği Mah.,307,Kahramanmaraş
Göksun,Bahçelievler Mah.,2641,Kahramanmaraş
Göksun,Bozarmut Mah.,202,Kahramanmaraş
Göksun,Bozhüyük Mah.,1025,Kahramanmaraş
Göksun,Büyükçamurlu Mah.,149,Kahramanmaraş
Göksun,Büyükkızılcık Mah.,2473,Kahramanmaraş
Göksun,Çağlayan Mah.,622,Kahramanmaraş
Göksun,Çamdere Mah.,121,Kahramanmaraş
Göksun,Çardak Mah.,1147,Kahramanmaraş
Göksun,Cumhuriyet Mah.,3407,Kahramanmaraş
Göksun,Değirmendere Mah.,1270,Kahramanmaraş
Göksun,Doğankonak Mah.,83,Kahramanmaraş
Göksun,Elmalı Mah.,39,Kahramanmaraş
Göksun,Ericek Mah.,2276,Kahramanmaraş
Göksun,Esenköy Mah.,715,Kahramanmaraş
Göksun,Fındık Mah.,579,Kahramanmaraş
Göksun,Fındıklıkoyak Mah.,457,Kahramanmaraş
Göksun,Gölpınar Mah.,123,Kahramanmaraş
Göksun,Göynük Mah.,107,Kahramanmaraş
Göksun,Gücüksu Mah.,423,Kahramanmaraş
Göksun,Güldağı Mah.,179,Kahramanmaraş
Göksun,Güller Mah.,791,Kahramanmaraş
Göksun,Hacıkodal Mah.,370,Kahramanmaraş
Göksun,Hacımirza Mah.,278,Kahramanmaraş
Göksun,Hacıömer Mah.,204,Kahramanmaraş
Göksun,Harbiye Mah.,3606,Kahramanmaraş
Göksun,Huğtaş Mah.,127,Kahramanmaraş
Göksun,Kale Mah.,228,Kahramanmaraş
Göksun,Kaleboynu Mah.,552,Kahramanmaraş
Göksun,Kamışcık Mah.,161,Kahramanmaraş
Göksun,Kanlıkavak Mah.,1472,Kahramanmaraş
Göksun,Karaahmet Mah.,124,Kahramanmaraş
Göksun,Karaömer Mah.,386,Kahramanmaraş
Göksun,Karatut Mah.,1294,Kahramanmaraş
Göksun,Kavşut Mah.,362,Kahramanmaraş
Göksun,Kayabaşı Mah.,2042,Kahramanmaraş
Göksun,Kazandere Mah.,464,Kahramanmaraş
Göksun,Keklikoluk Mah.,115,Kahramanmaraş
Göksun,Kemalpaşa Mah.,129,Kahramanmaraş
Göksun,Kınıkkoz Mah.,359,Kahramanmaraş
Göksun,Kireç Mah.,96,Kahramanmaraş
Göksun,Kızılöz Mah.,158,Kahramanmaraş
Göksun,Kömür Mah.,298,Kahramanmaraş
Göksun,Köprübaşı Mah.,1199,Kahramanmaraş
Göksun,Korkmaz Mah.,455,Kahramanmaraş
Göksun,Küçükçamurlu Mah.,389,Kahramanmaraş
Göksun,Kurtuluş Mah.,4206,Kahramanmaraş
Göksun,Mahmutbey Mah.,123,Kahramanmaraş
Göksun,Mehmetbey Mah.,251,Kahramanmaraş
Göksun,Mürsel Mah.,189,Kahramanmaraş
Göksun,Ortatepe Mah.,235,Kahramanmaraş
Göksun,Payamburnu Mah.,83,Kahramanmaraş
Göksun,Pınarbaşı Mah.,2388,Kahramanmaraş
Göksun,Saraycık Mah.,123,Kahramanmaraş
Göksun,Sırmalı Mah.,59,Kahramanmaraş
Göksun,Soğukpınar Mah.,144,Kahramanmaraş
Göksun,Tahirbey Mah.,130,Kahramanmaraş
Göksun,Taşoluk Mah.,934,Kahramanmaraş
Göksun,Temürağa Mah.,268,Kahramanmaraş
Göksun,Tepebaşı Mah.,539,Kahramanmaraş
Göksun,Tombak Mah.,2067,Kahramanmaraş
Göksun,Yağmurlu Mah.,157,Kahramanmaraş
Göksun,Yantepe Mah.,1198,Kahramanmaraş
Göksun,Yeni Mah.,1770,Kahramanmaraş
Göksun,Yeniyapan Mah.,405,Kahramanmaraş
Göksun,Yeşilköy Mah.,135,Kahramanmaraş
Göksun,Yiricek Mah.,366,Kahramanmaraş
Göksun,Yoğunoluk Mah.,82,Kahramanmaraş
Nurhak,Ağcaşar Mah.,242,Kahramanmaraş
Nurhak,Alçiçek Değirmenkaya Mah.,766,Kahramanmaraş
Nurhak,Barış Mah.,576,Kahramanmaraş
Nurhak,Biçin Mah.,191,Kahramanmaraş
Nurhak,Eskiköy Mah.,325,Kahramanmaraş
Nurhak,Gürsel Mah.,28,Kahramanmaraş
Nurhak,Hüyük Mah.,864,Kahramanmaraş
Nurhak,Karaçar Mah.,1826,Kahramanmaraş
Nurhak,Karşıyaka Mah.,945,Kahramanmaraş
Nurhak,Kıyılar Mah.,454,Kahramanmaraş
Nurhak,Kullar Mah.,1419,Kahramanmaraş
Nurhak,Pınarbaşı Mah.,617,Kahramanmaraş
Nurhak,Seyitaliler Mah.,1275,Kahramanmaraş
Nurhak,Tatlar Mah.,1339,Kahramanmaraş
Nurhak,Umutlu Mah.,58,Kahramanmaraş
Nurhak,Yeni Mah.,1332,Kahramanmaraş
Onikişubat,5 Nisan Mah.,7612,Kahramanmaraş
Onikişubat,Abdülhamid Han Mah.,10327,Kahramanmaraş
Onikişubat,Ağcalı Mah.,6495,Kahramanmaraş
Onikişubat,Akçakoyunlu Mah.,1573,Kahramanmaraş
Onikişubat,Akif İnan Mah.,7771,Kahramanmaraş
Onikişubat,Altınova Mah.,3273,Kahramanmaraş
Onikişubat,Avcılar Mah.,304,Kahramanmaraş
Onikişubat,Avgasır Mah.,295,Kahramanmaraş
Onikişubat,Avşar Mah.,3384,Kahramanmaraş
Onikişubat,Ayşepınarı Mah.,244,Kahramanmaraş
Onikişubat,Barbaros Mah.,5674,Kahramanmaraş
Onikişubat,Beşbağlar Mah.,363,Kahramanmaraş
Onikişubat,Beşen Mah.,807,Kahramanmaraş
Onikişubat,Bin Evler Mah.,9182,Kahramanmaraş
Onikişubat,Boğaziçi Mah.,10069,Kahramanmaraş
Onikişubat,Bulutoğlu Mah.,1143,Kahramanmaraş
Onikişubat,Büyüksır Mah.,506,Kahramanmaraş
Onikişubat,Çağırkan Mah.,514,Kahramanmaraş
Onikişubat,Çağlayan Mah.,705,Kahramanmaraş
Onikişubat,Çakırdere Mah.,202,Kahramanmaraş
Onikişubat,Çakırlar Mah.,141,Kahramanmaraş
Onikişubat,Çamlıbel Mah.,426,Kahramanmaraş
Onikişubat,Çamlıca Mah.,128,Kahramanmaraş
Onikişubat,Çamlık Mah.,2627,Kahramanmaraş
Onikişubat,Çevrepınar Mah.,569,Kahramanmaraş
Onikişubat,Ceyhan Mah.,910,Kahramanmaraş
Onikişubat,Çokran Mah.,230,Kahramanmaraş
Onikişubat,Cüceli Mah.,863,Kahramanmaraş
Onikişubat,Çukurhisar Mah.,690,Kahramanmaraş
Onikişubat,Cumhuriyet Mah.,6323,Kahramanmaraş
Onikişubat,Dadağlı Mah.,2581,Kahramanmaraş
Onikişubat,Demrek Mah.,242,Kahramanmaraş
Onikişubat,Dereboğazı Mah.,1824,Kahramanmaraş
Onikişubat,Döngel Mah.,1066,Kahramanmaraş
Onikişubat,Döngele Mah.,1829,Kahramanmaraş
Onikişubat,Dönüklü Mah.,5109,Kahramanmaraş
Onikişubat,Dumlupınar Mah.,5307,Kahramanmaraş
Onikişubat,Ertuğrul Gazi Mah.,4959,Kahramanmaraş
Onikişubat,Fatih Mah.,6060,Kahramanmaraş
Onikişubat,Fatmalı Mah.,3891,Kahramanmaraş
Onikişubat,Gayberli Mah.,2801,Kahramanmaraş
Onikişubat,Gedemen Mah.,3211,Kahramanmaraş
Onikişubat,Gölpınar Mah.,141,Kahramanmaraş
Onikişubat,Hacı Bayram Veli Mah.,4018,Kahramanmaraş
Onikişubat,Hacıağlar Mah.,801,Kahramanmaraş
Onikişubat,Hacıbudak Mah.,505,Kahramanmaraş
Onikişubat,Hacıibrahimuşağı Mah.,673,Kahramanmaraş
Onikişubat,Hacılar Mah.,733,Kahramanmaraş
Onikişubat,Hacımustafa Mah.,2839,Kahramanmaraş
Onikişubat,Hacınınoğlu Mah.,489,Kahramanmaraş
Onikişubat,Hartlap Mah.,1658,Kahramanmaraş
Onikişubat,Hasancıklı Mah.,1681,Kahramanmaraş
Onikişubat,Haydar Bey Mah.,18429,Kahramanmaraş
Onikişubat,Hayrullah Mah.,5200,Kahramanmaraş
Onikişubat,Hürriyet Mah.,20440,Kahramanmaraş
Onikişubat,Ilıca Mah.,2866,Kahramanmaraş
Onikişubat,İsmailli Mah.,511,Kahramanmaraş
Onikişubat,İstiklal Mah.,4115,Kahramanmaraş
Onikişubat,Kalakaya Mah.,350,Kahramanmaraş
Onikişubat,Kale Mah.,4092,Kahramanmaraş
Onikişubat,Kapıkaya Mah.,295,Kahramanmaraş
Onikişubat,Karacaoğlan Mah.,7574,Kahramanmaraş
Onikişubat,Karadere Mah.,944,Kahramanmaraş
Onikişubat,Karamanlı Mah.,7479,Kahramanmaraş
Onikişubat,Kavlaklı Mah.,1600,Kahramanmaraş
Onikişubat,Kaynar Mah.,423,Kahramanmaraş
Onikişubat,Kazım Karabekir Mah.,597,Kahramanmaraş
Onikişubat,Kerimli Mah.,171,Kahramanmaraş
Onikişubat,Kertmen Mah.,430,Kahramanmaraş
Onikişubat,Kılavuzlu Mah.,3453,Kahramanmaraş
Onikişubat,Kısıklı Mah.,156,Kahramanmaraş
Onikişubat,Kızıldamlar Mah.,360,Kahramanmaraş
Onikişubat,Kızılseki Mah.,574,Kahramanmaraş
Onikişubat,Köseli Mah.,1254,Kahramanmaraş
Onikişubat,Köşürge Mah.,330,Kahramanmaraş
Onikişubat,Kozcağız Mah.,241,Kahramanmaraş
Onikişubat,Küçüksır Mah.,425,Kahramanmaraş
Onikişubat,Kumarlı Mah.,573,Kahramanmaraş
Onikişubat,Kumaşır Mah.,567,Kahramanmaraş
Onikişubat,Kümperli Mah.,1054,Kahramanmaraş
Onikişubat,Kurtlar Mah.,1219,Kahramanmaraş
Onikişubat,Kürtül Mah.,1800,Kahramanmaraş
Onikişubat,Kurucaova Mah.,876,Kahramanmaraş
Onikişubat,Maarif Mah.,4695,Kahramanmaraş
Onikişubat,Mağralı Mah.,5263,Kahramanmaraş
Onikişubat,Maksutlu Mah.,566,Kahramanmaraş
Onikişubat,Malik Ejder Mah.,2706,Kahramanmaraş
Onikişubat,Mercimektepe Mah.,4155,Kahramanmaraş
Onikişubat,Mevlana Mah.,4563,Kahramanmaraş
Onikişubat,Mimar Sinan Mah.,12747,Kahramanmaraş
Onikişubat,Molla Gürani Mah.,4816,Kahramanmaraş
Onikişubat,Muratlı Mah.,252,Kahramanmaraş
Onikişubat,Necip Fazıl Mah.,8079,Kahramanmaraş
Onikişubat,Önsen Mah.,3013,Kahramanmaraş
Onikişubat,Orhangazi Mah.,911,Kahramanmaraş
Onikişubat,Oruç Reis Mah.,4117,Kahramanmaraş
Onikişubat,Öşlü Mah.,217,Kahramanmaraş
Onikişubat,Osman Gazi Mah.,6731,Kahramanmaraş
Onikişubat,Öztürk Mah.,401,Kahramanmaraş
Onikişubat,Payamlı Mah.,141,Kahramanmaraş
Onikişubat,Piri Reis Mah.,12289,Kahramanmaraş
Onikişubat,Rahmacılar Mah.,132,Kahramanmaraş
Onikişubat,Reyhanlı Mah.,80,Kahramanmaraş
Onikişubat,Saçaklızade Mah.,8379,Kahramanmaraş
Onikişubat,Sadıklı Mah.,371,Kahramanmaraş
Onikişubat,Şahinkayası Mah.,2754,Kahramanmaraş
Onikişubat,Sarıçukur Mah.,545,Kahramanmaraş
Onikişubat,Sarıgüzel Mah.,874,Kahramanmaraş
Onikişubat,Sarımollalı Mah.,211,Kahramanmaraş
Onikişubat,Saygılı Mah.,362,Kahramanmaraş
Onikişubat,Şazi Bey Mah.,5852,Kahramanmaraş
Onikişubat,Şehit Abdullah Çavuş Mah.,14216,Kahramanmaraş
Onikişubat,Şehit Evliya Mah.,1785,Kahramanmaraş
Onikişubat,Selçuklu Mah.,7140,Kahramanmaraş
Onikişubat,Selimiye Mah.,2115,Kahramanmaraş
Onikişubat,Serintepe Mah.,7342,Kahramanmaraş
Onikişubat,Suçatı Mah.,1071,Kahramanmaraş
Onikişubat,Süleymanlı Mah.,475,Kahramanmaraş
Onikişubat,Süleymanşah Mah.,12195,Kahramanmaraş
Onikişubat,Suluyayla Mah.,466,Kahramanmaraş
Onikişubat,Tavşan Tepe Mah.,10159,Kahramanmaraş
Onikişubat,Tekerek Mah.,15045,Kahramanmaraş
Onikişubat,Tekir Mah.,3385,Kahramanmaraş
Onikişubat,Topçalı Mah.,493,Kahramanmaraş
Onikişubat,Üngüt Mah.,7393,Kahramanmaraş
Onikişubat,Vadi Mah.,10060,Kahramanmaraş
Onikişubat,Yamaçtepe Mah.,7340,Kahramanmaraş
Onikişubat,Yenicekale Mah.,473,Kahramanmaraş
Onikişubat,Yenidemir Mah.,414,Kahramanmaraş
Onikişubat,Yeniyapan Mah.,344,Kahramanmaraş
Onikişubat,Yeşilyurt Mah.,1450,Kahramanmaraş
Onikişubat,Yirmiikigün Mah.,15471,Kahramanmaraş
Onikişubat,Yolyanı Mah.,506,Kahramanmaraş
Onikişubat,Yunus Emre Mah.,8627,Kahramanmaraş
Onikişubat,Yürükselim Mah.,2387,Kahramanmaraş
Onikişubat,Yusuflar Mah.,3144,Kahramanmaraş
Onikişubat,Zeytindere Mah.,841,Kahramanmaraş
Pazarcık,15 Temmuz Mah.,3148,Kahramanmaraş
Pazarcık,Ahmet Bozdağ Mah.,4632,Kahramanmaraş
Pazarcık,Akcakoyunlu Mah.,189,Kahramanmaraş
Pazarcık,Akçalar Mah.,174,Kahramanmaraş
Pazarcık,Akdemir Mah.,265,Kahramanmaraş
Pazarcık,Armutlu Mah.,195,Kahramanmaraş
Pazarcık,Aşağımülk Mah.,649,Kahramanmaraş
Pazarcık,Bağdınısağır Mah.,2613,Kahramanmaraş
Pazarcık,Beşçeşme Mah.,903,Kahramanmaraş
Pazarcık,Bölükçam Mah.,129,Kahramanmaraş
Pazarcık,Büyüknacar Fatih Mah.,404,Kahramanmaraş
Pazarcık,Büyüknacar Kocadere Mah.,356,Kahramanmaraş
Pazarcık,Büyüknacar Merkez Mah.,758,Kahramanmaraş
Pazarcık,Çamlıca Mah.,101,Kahramanmaraş
Pazarcık,Çamlıtepe Mah.,1582,Kahramanmaraş
Pazarcık,Cengiz Topel Mah.,4127,Kahramanmaraş
Pazarcık,Çiçek Mah.,33,Kahramanmaraş
Pazarcık,Çiçekalanı Mah.,110,Kahramanmaraş
Pazarcık,Çiğdemtepe Mah.,957,Kahramanmaraş
Pazarcık,Cimikanlı Mah.,497,Kahramanmaraş
Pazarcık,Çöçelli Mah.,529,Kahramanmaraş
Pazarcık,Damlataş Mah.,225,Kahramanmaraş
Pazarcık,Dedepaşa Mah.,72,Kahramanmaraş
Pazarcık,Eğlen Mah.,114,Kahramanmaraş
Pazarcık,Eğrice Mah.,1156,Kahramanmaraş
Pazarcık,Emiroğlu Mah.,351,Kahramanmaraş
Pazarcık,Evri Pınarbaşı Mah.,1099,Kahramanmaraş
Pazarcık,Evri Taşbiçme Mah.,935,Kahramanmaraş
Pazarcık,Fatih Mah.,3683,Kahramanmaraş
Pazarcık,Ganidağıketiler Mah.,260,Kahramanmaraş
Pazarcık,Göçer Mah.,31,Kahramanmaraş
Pazarcık,Göynük Mah.,274,Kahramanmaraş
Pazarcık,Hanobası Mah.,76,Kahramanmaraş
Pazarcık,Harmancık Mah.,52,Kahramanmaraş
Pazarcık,Hasankoca Mah.,71,Kahramanmaraş
Pazarcık,Hürriyet Mah.,746,Kahramanmaraş
Pazarcık,İncirli Mah.,38,Kahramanmaraş
Pazarcık,Kadıncık Mah.,216,Kahramanmaraş
Pazarcık,Karaağaç Mah.,310,Kahramanmaraş
Pazarcık,Karabıyıklı Mah.,259,Kahramanmaraş
Pazarcık,Karaçay Mah.,172,Kahramanmaraş
Pazarcık,Karagöl Mah.,1348,Kahramanmaraş
Pazarcık,Karahüyük Mah.,332,Kahramanmaraş
Pazarcık,Keleş Mah.,187,Kahramanmaraş
Pazarcık,Kizirli Mah.,652,Kahramanmaraş
Pazarcık,Kızkapanlı Mah.,502,Kahramanmaraş
Pazarcık,Kuzeykent Mah.,249,Kahramanmaraş
Pazarcık,Mehmet Emin Arıkoğlu Mah.,3688,Kahramanmaraş
Pazarcık,Memiş Özdal Mah.,894,Kahramanmaraş
Pazarcık,Memişkahya Mah.,193,Kahramanmaraş
Pazarcık,Menderes Mah.,4157,Kahramanmaraş
Pazarcık,Mezere Mah.,730,Kahramanmaraş
Pazarcık,Musolar Mah.,337,Kahramanmaraş
Pazarcık,Narlı Bahçelievler Mah.,3525,Kahramanmaraş
Pazarcık,Narlı Cumhuriyet Mah.,1656,Kahramanmaraş
Pazarcık,Narlı İsmetpaşa Mah.,1600,Kahramanmaraş
Pazarcık,Nefsidoğanlı Mah.,354,Kahramanmaraş
Pazarcık,Ördekdede Mah.,226,Kahramanmaraş
Pazarcık,Osmandede Mah.,132,Kahramanmaraş
Pazarcık,Sadakalar Mah.,411,Kahramanmaraş
Pazarcık,Şahintepe Mah.,815,Kahramanmaraş
Pazarcık,Sakarkaya Mah.,1053,Kahramanmaraş
Pazarcık,Sallıuşağı Mah.,290,Kahramanmaraş
Pazarcık,Salmanıpak Mah.,156,Kahramanmaraş
Pazarcık,Salmanlı Mah.,330,Kahramanmaraş
Pazarcık,Sarıerik Mah.,82,Kahramanmaraş
Pazarcık,Sarıl Mah.,425,Kahramanmaraş
Pazarcık,Şehit Nurettin Ademoğlu Mah.,4177,Kahramanmaraş
Pazarcık,Soku Mah.,223,Kahramanmaraş
Pazarcık,Sultanlar Mah.,578,Kahramanmaraş
Pazarcık,Taşdemir Mah.,471,Kahramanmaraş
Pazarcık,Tetirlik Mah.,1037,Kahramanmaraş
Pazarcık,Tilkiler Mah.,621,Kahramanmaraş
Pazarcık,Turunçlu Mah.,86,Kahramanmaraş
Pazarcık,Ufacıklı Mah.,1469,Kahramanmaraş
Pazarcık,Ulubahçe Mah.,713,Kahramanmaraş
Pazarcık,Yarbaşı Mah.,46,Kahramanmaraş
Pazarcık,Yeşilkent Mah.,91,Kahramanmaraş
Pazarcık,Yiğitler Mah.,449,Kahramanmaraş
Pazarcık,Yolboyu Mah.,77,Kahramanmaraş
Pazarcık,Yukarıhöcüklü Mah.,841,Kahramanmaraş
Pazarcık,Yukarımülk Mah.,381,Kahramanmaraş
Pazarcık,Yumaklıcerit Bağlar Mah.,786,Kahramanmaraş
Pazarcık,Yumaklıcerit Cumhuriyet Mah.,1312,Kahramanmaraş
Türkoğlu,Akçalı Mah.,721,Kahramanmaraş
Türkoğlu,Avşarlı Mah.,858,Kahramanmaraş
Türkoğlu,Aydınkavak Mah.,693,Kahramanmaraş
Türkoğlu,Bayramgazi Mah.,190,Kahramanmaraş
Türkoğlu,Beyoğlu Mah.,8681,Kahramanmaraş
Türkoğlu,Çakallıçullu Mah.,647,Kahramanmaraş
Türkoğlu,Çakallıhasanağa Mah.,927,Kahramanmaraş
Türkoğlu,Çakıroğlu Mah.,633,Kahramanmaraş
Türkoğlu,Ceceli Mah.,5786,Kahramanmaraş
Türkoğlu,Cennetpınarı Mah.,245,Kahramanmaraş
Türkoğlu,Çobantepe Mah.,332,Kahramanmaraş
Türkoğlu,Cumhuriyet Mah.,3140,Kahramanmaraş
Türkoğlu,Dedeler Mah.,861,Kahramanmaraş
Türkoğlu,Doluca Mah.,2305,Kahramanmaraş
Türkoğlu,Fatih Mah.,4899,Kahramanmaraş
Türkoğlu,Gaziler Mah.,3003,Kahramanmaraş
Türkoğlu,Gaziosmanpaşa Mah.,3899,Kahramanmaraş
Türkoğlu,Güllühüyük Mah.,435,Kahramanmaraş
Türkoğlu,Hacıbebek Mah.,667,Kahramanmaraş
Türkoğlu,Hopurlu Mah.,1640,Kahramanmaraş
Türkoğlu,İmalı Mah.,2043,Kahramanmaraş
Türkoğlu,İstasyon Mah.,5425,Kahramanmaraş
Türkoğlu,Kadıoğluçiftliği Mah.,832,Kahramanmaraş
Türkoğlu,Kaledibi Mah.,350,Kahramanmaraş
Türkoğlu,Kelibişler Mah.,107,Kahramanmaraş
Türkoğlu,Kılılı Mah.,7542,Kahramanmaraş
Türkoğlu,Kırmakaya Mah.,1981,Kahramanmaraş
Türkoğlu,Kızıleniş Mah.,501,Kahramanmaraş
Türkoğlu,Küçükimalı Mah.,1039,Kahramanmaraş
Türkoğlu,Kumçatı Mah.,96,Kahramanmaraş
Türkoğlu,Kuyumcular Mah.,313,Kahramanmaraş
Türkoğlu,Minehüyük Mah.,644,Kahramanmaraş
Türkoğlu,Önsenhopuru Mah.,770,Kahramanmaraş
Türkoğlu,Özbek Mah.,244,Kahramanmaraş
Türkoğlu,Pınarhüyük Mah.,163,Kahramanmaraş
Türkoğlu,Şekeroba Mah.,7938,Kahramanmaraş
Türkoğlu,Tahtalıdedeler Mah.,165,Kahramanmaraş
Türkoğlu,Uzunsöğüt Mah.,1784,Kahramanmaraş
Türkoğlu,Yavuzlar Mah.,292,Kahramanmaraş
Türkoğlu,Yeniköy Mah.,227,Kahramanmaraş
Türkoğlu,Yenipınar Mah.,448,Kahramanmaraş
Türkoğlu,Yeşilyöre Mah.,3978,Kahramanmaraş
Türkoğlu,Yeşilyurt Mah.,110,Kahramanmaraş
Türkoğlu,Yolderesi Mah.,1422,Kahramanmaraş
